City,Country,lat,lon,Temp,Temp_Min,Temp_Max,Humidity,Cloud,Wind_Speed
vaini,to,-21.2,-175.2,75.2,75.2,75.2,100,40,6.2
hami,cn,42.8,93.45,15.05,15.05,15.05,67,0,0.72
ushuaia,ar,-54.8,-68.3,41,41,41,65,75,26.4
rikitea,pf,-23.12,-134.97,73.64,73.64,73.64,100,44,20.07
hermanus,za,-34.42,19.23,63.56,63.56,63.56,58,68,10.22
dikson,ru,73.51,80.55,4.92,4.92,4.92,100,12,17.83
lahad datu,my,5.03,118.33,75.89,75.89,75.89,100,8,3.62
torbay,ca,47.67,-52.73,54.41,50,59,87,90,11.41
atuona,pf,-9.8,-139.03,79.62,79.62,79.62,100,92,14.25
takapau,nz,-40.03,176.35,51.5,51.5,51.5,89,88,5.08
rio gallegos,ar,-51.62,-69.22,51.8,51.8,51.8,27,75,27.51
hobart,au,-42.88,147.33,64.4,64.4,64.4,63,0,9.17
lebu,cl,-37.62,-73.65,55.46,55.46,55.46,96,0,24.87
bredasdorp,za,-34.53,20.04,64.4,64.4,64.4,68,80,24.16
coquimbo,cl,-29.95,-71.34,60.8,60.8,60.8,72,75,9.17
yellowknife,ca,62.46,-114.35,5,5,5,77,90,9.17
tecoanapa,mx,16.52,-98.75,81.29,81.29,81.29,85,0,3.96
ha tinh,vn,18.33,105.9,70.26,70.26,70.26,100,92,21.63
leningradskiy,ru,69.38,178.42,19.19,19.19,19.19,100,76,15.59
butaritari,ki,3.07,172.79,83.76,83.76,83.76,100,80,5.08
puerto ayora,ec,-0.74,-90.35,73.4,73.4,73.4,78,40,18.34
severo-kurilsk,ru,50.68,156.12,28.95,28.95,28.95,100,0,7.76
bluff,nz,-46.6,168.33,52.76,52.76,52.76,100,88,10.22
jamestown,sh,-15.94,-5.72,68.01,68.01,68.01,100,36,16.71
zhuanghe,cn,39.7,122.99,29.99,29.99,29.99,100,0,3.18
bakaly,ru,55.18,53.8,34.62,34.62,34.62,93,76,10.22
verkhnyaya inta,ru,65.98,60.31,8.48,8.48,8.48,65,8,2.28
mar del plata,ar,-38,-57.56,60.8,60.8,60.8,59,90,16.11
qaanaaq,gl,77.48,-69.36,-1.47,-1.47,-1.47,100,0,14.92
iquique,cl,-20.22,-70.14,69.8,69.8,69.8,56,0,12.75
khatanga,ru,71.97,102.5,-2.87,-2.87,-2.87,63,68,6.31
busselton,au,-33.65,115.33,60.14,60.14,60.14,100,0,13.24
bunia,cd,1.57,30.25,64.68,64.68,64.68,93,0,1.39
zwedru,lr,6.07,-8.13,76.2,76.2,76.2,92,64,4.63
aquiraz,br,-3.9,-38.39,86,86,86,62,40,18.34
esmeralda,cu,21.85,-78.12,80.6,80.6,80.6,61,40,13.87
sao gabriel da cachoeira,br,-0.13,-67.09,91.4,91.4,91.4,63,40,5.82
albany,au,-35.02,117.89,57.08,57.08,57.08,94,92,9.66
bengkulu,id,-3.8,102.27,76.88,76.88,76.88,100,76,7.09
port said,eg,31.26,32.28,69.8,69.8,69.8,68,20,5.82
port hardy,ca,50.7,-127.42,32,32,32,100,90,3.36
caravelas,br,-17.71,-39.25,78.18,78.18,78.18,99,0,21.07
east london,za,-33.02,27.91,68,68,68,82,75,23.04
kavieng,pg,-2.57,150.8,84.08,84.08,84.08,100,36,5.53
leshukonskoye,ru,64.9,45.76,21.08,21.08,21.08,88,76,6.2
gazanjyk,tm,39.24,55.52,38.13,38.13,38.13,81,8,2.51
cradock,za,-32.16,25.62,81.87,81.87,81.87,13,36,9.78
huilong,cn,31.81,121.66,48.53,48.53,48.53,100,88,6.2
kodiak,us,57.79,-152.41,33.8,33.8,33.8,80,90,23.04
carnarvon,au,-24.87,113.63,70.13,70.13,70.13,98,0,23.76
tekeli,kz,44.83,78.82,6.5,6.5,6.5,65,0,2.17
ilulissat,gl,69.22,-51.1,1.4,1.4,1.4,45,20,2.24
sirjan,ir,29.45,55.68,39.21,39.21,39.21,68,36,3.74
obo,cf,5.4,26.49,74.9,74.9,74.9,63,0,6.87
saskylakh,ru,71.92,114.08,9.78,9.78,9.78,83,68,16.37
cape town,za,-33.93,18.42,60.8,60.8,60.8,77,75,10.29
comodoro rivadavia,ar,-45.87,-67.5,53.6,53.6,53.6,54,75,5.82
barrow,us,71.29,-156.79,-0.41,-0.41,-0.41,77,90,13.87
tiksi,ru,71.69,128.87,13.11,13.11,13.11,87,88,17.6
saldanha,za,-33.01,17.94,64.4,64.4,64.4,68,92,12.75
alofi,nu,-19.06,-169.92,75.2,75.2,75.2,100,88,5.82
pangnirtung,ca,66.15,-65.71,28.4,28.4,28.4,30,90,23.04
port hedland,au,-20.32,118.57,80.6,80.6,80.6,78,88,9.17
port alfred,za,-33.59,26.89,68.51,68.51,68.51,90,8,12.8
cabo san lucas,mx,22.89,-109.91,75.94,75.2,77,57,5,3.51
ewo,cg,-0.87,14.82,75.93,75.93,75.93,86,8,3.62
batemans bay,au,-35.72,150.18,54.29,54.29,54.29,100,20,3.29
orange walk,bz,18.08,-88.56,75.2,75.2,75.2,88,40,4.7
talnakh,ru,69.49,88.4,-26.94,-26.94,-26.94,42,24,2.84
sassandra,ci,4.95,-6.08,81.72,80.6,82.4,83,40,2.24
constanza,do,18.91,-70.75,84.2,84.2,84.2,70,40,5.82
saint-gaudens,fr,43.12,0.73,48.2,48.2,48.2,76,0,1.12
chokurdakh,ru,70.63,147.92,5.46,5.46,5.46,83,92,24.2
rosarito,mx,32.33,-117.03,58.77,51.8,62.6,71,75,3.36
hithadhoo,mv,-0.6,73.08,83.13,83.13,83.13,100,80,12.24
lorengau,pg,-2.02,147.27,82.19,82.19,82.19,100,8,3.62
ponta do sol,pt,32.67,-17.1,68,68,68,68,20,2.24
port elizabeth,za,-33.92,25.57,66.2,66.2,66.2,77,40,27.51
north bend,us,43.41,-124.22,53.6,53.6,53.6,100,90,11.41
lashio,mm,22.93,97.75,66.35,66.35,66.35,96,20,1.61
sorong,id,-0.88,131.25,82.01,82.01,82.01,100,44,10.67
tessalit,ml,20.2,1.01,77.01,77.01,77.01,22,56,8.77
lagoa,pt,39.05,-27.98,66.26,66.26,66.26,100,32,15.03
tiarei,pf,-17.53,-149.33,77,77,77,83,75,5.82
neuquen,ar,-38.95,-68.06,69.8,69.8,69.8,32,0,8.05
hasaki,jp,35.73,140.83,34.12,32,37.4,74,20,6.93
victoria,sc,-4.62,55.45,82.4,82.4,82.4,78,20,8.05
sao filipe,cv,14.9,-24.5,79.17,79.17,79.17,92,0,11.45
upernavik,gl,72.79,-56.15,7.13,7.13,7.13,100,0,8.66
kizema,ru,61.11,44.83,31.34,31.34,31.34,89,68,12.01
corsicana,us,32.1,-96.47,58.96,57.2,60.8,36,1,13.87
cherskiy,ru,68.75,161.3,20.31,20.31,20.31,85,92,10.45
we,nc,-20.92,167.26,73.23,73.23,73.23,90,80,9.22
naze,jp,28.37,129.48,67.02,67.02,67.02,100,48,16.26
bukachacha,ru,52.98,116.92,-11.96,-11.96,-11.96,52,0,4.63
port hawkesbury,ca,45.62,-61.35,35.6,35.6,35.6,74,90,14.99
avarua,ck,-21.21,-159.78,75.2,75.2,75.2,88,40,6.93
punta arenas,cl,-53.15,-70.92,50,50,50,53,75,28.86
fare,pf,-16.7,-151.02,79.71,79.71,79.71,100,80,18.84
palana,ru,59.12,159.97,31.02,31.02,31.02,90,68,24.43
esperance,au,-33.87,121.9,61.8,61.8,61.8,90,92,9.22
berlevag,no,70.86,29.09,22.01,19.4,24.8,100,90,2.24
camopi,gf,3.17,-52.32,97.13,97.13,97.13,35,20,4.18
kargasok,ru,59.06,80.86,26.52,26.52,26.52,95,88,4.63
skagen,dk,57.72,10.58,40.47,40.47,40.47,100,76,10.78
narsaq,gl,60.92,-46.05,39.2,39.2,39.2,32,20,27.51
birjand,ir,32.87,59.22,42.8,42.8,42.8,17,0,6.93
chumikan,ru,54.72,135.31,-5.07,-5.07,-5.07,81,0,16.15
isangel,vu,-19.55,169.27,75.71,75.71,75.71,100,80,14.7
beira,mz,-19.84,34.84,72.11,72.11,72.11,79,0,6.87
gamba,ga,-2.65,10,77.46,77.46,77.46,91,32,6.64
castro,cl,-42.47,-73.77,54.42,54.42,54.42,70,76,6.76
saint george,bm,32.38,-64.68,64.4,64.4,64.4,100,90,20.8
albacete,es,38.98,-1.85,60.8,60.8,60.8,17,0,4.7
tengushevo,ru,54.77,42.72,34.94,34.94,34.94,98,92,6.08
balakhta,ru,55.38,91.6,19.73,19.73,19.73,91,68,5.3
lensk,ru,60.73,114.93,-13.35,-13.35,-13.35,99,64,2.95
kapaa,us,22.08,-159.32,65.57,62.6,68,93,1,8.05
kruisfontein,za,-34,24.73,63.2,63.2,63.2,90,32,11.79
pevek,ru,69.7,170.31,20.9,20.9,20.9,92,92,25.66
madanapalle,in,13.55,78.5,70.35,70.35,70.35,95,0,3.96
pontes e lacerda,br,-15.23,-59.34,80.93,80.93,80.93,80,100,10.11
goure,ne,13.98,10.27,84.75,84.75,84.75,15,0,12.12
muravlenko,ru,63.79,74.52,21.89,21.89,21.89,85,80,8.99
melfi,td,11.06,17.94,87.36,87.36,87.36,26,12,5.75
sibolga,id,1.74,98.78,68.6,68.6,68.6,100,76,1.72
tasiilaq,gl,65.61,-37.64,24.8,24.8,24.8,68,88,5.82
vanavara,ru,60.34,102.28,-1.74,-1.74,-1.74,57,56,6.76
tuatapere,nz,-46.13,167.68,50.33,50.33,50.33,100,88,3.85
ahipara,nz,-35.17,173.17,53.88,53.88,53.88,100,12,2.39
kilemary,ru,56.78,46.87,34.58,34.58,34.58,93,92,2.95
lompoc,us,34.64,-120.46,53.87,50,57.2,76,90,4.63
kamaishi,jp,39.27,141.88,32.69,32.69,32.69,100,20,9.44
pacific grove,us,36.62,-121.92,54.93,53.6,55.4,76,1,2.06
cartagena,co,10.4,-75.51,87.8,87.8,87.8,74,40,8.05
ust-kuyga,ru,70.02,135.6,-5.57,-5.57,-5.57,68,80,6.64
meulaboh,id,4.14,96.13,78.18,78.18,78.18,100,56,2.39
saint-philippe,re,-21.36,55.77,76.05,75.2,77,78,40,13.87
itamaraca,br,-7.75,-34.83,84.83,82.4,86,65,20,9.17
kirakira,sb,-10.45,161.92,83.13,83.13,83.13,100,64,7.43
urucara,br,-2.54,-57.76,98.61,98.61,98.61,36,0,4.97
dhekiajuli,in,26.7,92.5,55.91,55.91,55.91,93,20,1.16
tual,id,-5.67,132.75,81.87,81.87,81.87,100,88,2.17
silver city,us,32.77,-108.28,53.6,53.6,53.6,20,1,4.7
kotma,in,23.2,81.97,59.78,59.78,59.78,71,0,4.97
tokur,ru,53.13,132.9,-19.52,-19.52,-19.52,77,36,4.74
casian,ph,11.04,119.71,84.53,84.53,84.53,99,48,18.61
lavrentiya,ru,65.58,-171,26.97,26.97,26.97,100,48,6.76
lagos,pt,37.1,-8.67,66.2,66.2,66.2,63,0,10.29
nanortalik,gl,60.14,-45.24,31.56,31.56,31.56,90,0,41.43
jacareacanga,br,-6.22,-57.75,87.8,87.8,87.8,74,75,1.12
lesnoy,ru,57.62,63.08,23.37,23.37,23.37,88,8,8.43
remiremont,fr,48.02,6.59,37.4,37.4,37.4,93,90,3.36
falakata,in,26.52,89.21,67.47,67.47,67.47,84,0,3.96
cidreira,br,-30.18,-50.21,79.26,79.26,79.26,55,0,9.44
carauari,br,-4.88,-66.9,95.37,95.37,95.37,53,0,1.72
rawson,ar,-43.3,-65.1,59.91,59.91,59.91,62,64,23.31
luderitz,na,-26.65,15.16,68,68,68,60,44,8.05
portland,au,-38.33,141.6,67.02,67.02,67.02,81,0,8.43
souillac,mu,-20.52,57.52,77,77,77,78,40,8.05
ancud,cl,-41.87,-73.82,57.75,57.75,57.75,61,64,6.2
keetmanshoop,na,-26.58,18.13,91.4,91.4,91.4,14,0,24.16
thompson,ca,55.74,-97.86,-2.21,-2.21,-2.21,77,90,6.93
port-gentil,ga,-0.72,8.78,84.2,84.2,84.2,79,40,13.87
murgab,tm,37.5,61.97,55.4,55.4,55.4,50,5,13.87
boddam,gb,57.47,-1.78,44.6,44.6,44.6,93,90,8.05
killybegs,ie,54.63,-8.45,52.08,52.08,52.08,100,92,11.68
san,ml,13.3,-4.9,84.08,84.08,84.08,51,0,3.18
sao felix do xingu,br,-6.64,-51.99,86.01,86.01,86.01,71,64,2.84
new norfolk,au,-42.78,147.06,64.4,64.4,64.4,63,0,9.17
kahului,us,20.89,-156.47,64.9,62.6,66.2,82,40,3.36
paita,pe,-5.09,-81.11,77,77,77,65,0,11.41
tura,ru,64.28,100.25,-15.69,-15.69,-15.69,67,32,2.28
harper,lr,4.38,-7.72,82.4,82.4,82.4,83,40,6.93
sechura,pe,-5.56,-80.82,74.18,74.18,74.18,77,0,11.23
carutapera,br,-1.2,-46.02,88.62,88.62,88.62,58,8,12.68
thanh hoa,vn,19.8,105.77,60.05,60.05,60.05,96,92,10.89
hilo,us,19.73,-155.09,48.24,35.6,60.8,22,1,13.13
vila franca do campo,pt,37.72,-25.43,66.2,66.2,66.2,82,75,5.82
kampot,kh,10.62,104.18,73.05,73.05,73.05,97,48,1.05
arraial do cabo,br,-22.97,-42.03,76.15,73.4,80.6,83,90,6.93
mecca,sa,21.43,39.83,79.58,79.58,79.58,58,24,7.76
male,mv,4.17,73.51,84.2,84.2,84.2,83,75,2.24
ulety,ru,51.36,112.48,14.69,14.69,14.69,74,12,8.99
almaznyy,ru,48.04,40.05,49.79,49.79,49.79,94,56,12.68
katsuura,jp,35.13,140.3,42.8,42.8,42.8,56,20,5.82
kupang,id,-10.17,123.58,78.8,78.8,78.8,94,40,2.24
roseburg,us,43.22,-123.34,49.51,46.4,53.6,93,90,5.75
yertsevo,ru,60.8,40.09,30.12,30.12,30.12,93,80,9.33
kinsale,ie,51.71,-8.53,55.4,55.4,55.4,100,75,13.87
hovd,mn,48.01,91.64,11.09,11.09,11.09,83,76,3.29
mosquera,co,4.71,-74.23,66.2,66.2,66.2,55,40,2.24
sinnamary,gf,5.38,-52.95,82.86,82.86,82.86,90,8,8.99
richards bay,za,-28.78,32.04,85.11,85.11,85.11,43,0,14.47
ozernovskiy,ru,51.5,156.52,29.36,29.36,29.36,96,76,8.99
prince albert,ca,53.2,-105.77,15.8,15.8,15.8,85,75,9.17
galle,lk,6.04,80.22,73.86,73.86,73.86,100,88,1.61
srednekolymsk,ru,67.45,153.68,0.2,0.2,0.2,73,88,7.76
hamilton,bm,32.29,-64.78,64.4,64.4,64.4,100,90,20.8
worthington,us,40.09,-83.02,38.61,37.4,39.2,60,1,12.75
miedzychod,pl,52.6,15.9,37.4,37.4,37.4,93,75,6.93
warri,ng,5.52,5.75,81.2,81.2,81.2,76,56,7.31
brownsville,us,25.9,-97.5,60.51,59,64.4,82,75,9.17
inverell,au,-29.78,151.12,53.48,53.48,53.48,94,92,2.51
chuy,uy,-33.7,-53.46,67.61,67.61,67.61,88,92,5.97
port lincoln,au,-34.73,135.87,73.32,73.32,73.32,66,24,14.03
bethel,us,41.37,-73.41,39.78,37.4,44.6,51,75,18.34
bluefield,us,37.27,-81.22,39.47,35.6,42.8,47,1,4.7
svetlogorsk,ru,54.94,20.15,33.8,33.8,33.8,100,75,4.47
antofagasta,cl,-23.65,-70.4,68,68,68,60,20,13.87
curup,id,-3.47,102.53,69.45,69.45,69.45,96,88,0.6
kavaratti,in,10.57,72.64,85.02,85.02,85.02,97,8,7.54
saint john,ca,45.27,-66.07,30.94,30.2,32,100,75,10.29
maba,cn,24.68,113.6,45.11,45.11,45.11,96,76,2.39
mezen,ru,65.85,44.24,23.69,23.69,23.69,87,88,4.18
husavik,is,66.04,-17.34,23,23,23,92,40,8.05
marsala,it,37.8,12.44,57.2,57.2,57.2,87,20,1.12
mayo,ca,63.59,-135.9,-29.21,-29.21,-29.21,66,20,2.39
georgetown,sh,-7.93,-14.42,75.3,75.3,75.3,100,92,16.71
labuhan,id,-6.88,112.21,79.85,79.85,79.85,100,56,7.76
muisne,ec,0.6,-80.03,81.78,81.78,81.78,73,36,5.19
ribeira grande,pt,38.52,-28.7,64.4,64.4,64.4,82,75,6.93
ixtapa,mx,20.7,-105.2,78.8,78.8,78.8,74,5,5.82
halifax,ca,44.65,-63.57,36.57,35.6,37.4,64,75,23.04
provideniya,ru,64.38,-173.3,31.92,31.92,31.92,100,92,16.26
kilindoni,tz,-7.91,39.67,79.04,79.04,79.04,100,80,6.53
bathsheba,bb,13.22,-59.52,86,86,86,70,40,20.8
norman wells,ca,65.28,-126.83,-31.01,-31.01,-31.01,66,75,4.7
reconquista,ar,-29.15,-59.65,87.9,87.9,87.9,37,0,14.03
clyde river,ca,70.47,-68.59,3.2,3.2,3.2,91,75,4.7
ca mau,vn,9.18,105.15,77.1,77.1,77.1,99,20,6.42
nome,us,64.5,-165.41,19.4,19.4,19.4,73,1,10.29
sangueya,gn,10.7,-14.37,82.23,82.23,82.23,83,0,3.18
vao,nc,-22.67,167.48,71.75,71.75,71.75,100,20,8.66
mindelo,cv,16.89,-24.98,77.96,77.96,77.96,96,0,9.22
mabaruma,gy,8.2,-59.78,85.79,85.79,85.79,77,36,7.43
sao joao da barra,br,-21.64,-41.05,78.8,78.8,78.8,83,90,9.17
seoul,kr,37.57,126.98,26.67,24.8,30.2,79,0,2.24
tucupita,ve,9.06,-62.05,93.66,93.66,93.66,52,0,7.31
uyuni,bo,-20.46,-66.83,65.58,65.58,65.58,8,8,12.8
turbat,pk,26,63.04,51.81,51.81,51.81,36,0,2.95
coolum beach,au,-26.53,153.1,63.74,63.74,63.74,100,92,6.64
acarau,br,-2.89,-40.12,90.29,90.29,90.29,52,0,18.95
kalisz,pl,51.76,18.09,35.07,35.07,35.07,100,88,8.21
aripuana,br,-9.17,-60.63,95.37,95.37,95.37,45,48,2.95
praia da vitoria,pt,38.73,-27.07,68,68,68,77,40,13.24
surt,ly,31.21,16.59,64.23,64.23,64.23,100,0,10.78
atbasar,kz,51.8,68.33,8.84,8.84,8.84,64,0,3.4
vardo,no,70.37,31.11,25.83,23,30.2,100,90,10.29
bilibino,ru,68.05,166.44,4.92,4.92,4.92,80,76,2.51
fairbanks,us,64.84,-147.72,-20.87,-23.81,-18.41,75,1,3.96
shu,kz,43.6,73.76,26.97,26.97,26.97,73,0,10.67
riyadh,sa,24.69,46.72,73.4,73.4,73.4,23,20,3.36
san patricio,mx,19.22,-104.7,84.2,84.2,84.2,66,20,6.93
suoyarvi,ru,62.08,32.35,30.26,30.26,30.26,96,88,3.4
wanaka,nz,-44.7,169.15,40.16,40.16,40.16,91,48,1.95
namibe,ao,-15.2,12.15,70.53,70.53,70.53,100,0,7.54
constitucion,cl,-35.33,-72.42,59.82,59.82,59.82,78,0,15.14
kieta,pg,-6.22,155.63,77.06,77.06,77.06,100,0,3.51
longyearbyen,sj,78.22,15.64,24.8,24.8,24.8,68,40,18.34
cairns,au,-16.92,145.77,71.6,71.6,71.6,94,75,3.36
kysyl-syr,ru,63.9,122.76,-15.83,-15.83,-15.83,68,64,7.65
kimbe,pg,-5.55,150.14,77.6,77.6,77.6,100,0,6.64
puerto carreno,co,6.19,-67.49,91.4,91.4,91.4,55,0,4.7
shellbrook,ca,53.22,-106.4,15.8,15.8,15.8,85,75,9.17
faanui,pf,-16.48,-151.75,79.53,79.53,79.53,100,88,16.37
the valley,ai,18.22,-63.06,85.14,84.2,86,70,20,10.29
mount isa,au,-20.73,139.5,77,77,77,57,0,6.93
vestmannaeyjar,is,63.44,-20.27,28.4,28.4,28.4,86,0,17.22
sawakin,sd,19.11,37.33,87.8,87.8,87.8,58,0,10.29
rio grande,br,-32.03,-52.1,75.2,75.2,75.2,60,40,9.17
luena,ao,-11.78,19.92,70.08,70.08,70.08,82,56,2.95
gorgan,ir,36.84,54.43,51.8,51.8,51.8,81,0,1.95
tuktoyaktuk,ca,69.45,-133.04,-0.41,-0.41,-0.41,84,75,9.17
kuryk,kz,43.2,51.65,55.32,55.32,55.32,73,44,17.27
saint-joseph,re,-21.37,55.62,76.01,75.2,77,78,40,13.87
porto velho,br,-8.76,-63.9,80.6,80.6,80.6,78,75,3.36
guiyang,cn,26.58,106.72,39.2,39.2,39.2,88,90,8.95
virginia beach,us,36.85,-75.98,49.64,48.2,51.8,34,1,7.54
shimoda,jp,34.67,138.95,54.65,54.65,54.65,100,0,16.93
ploemeur,fr,47.73,-3.43,53.6,53.6,53.6,87,90,5.82
dhidhdhoo,mv,6.88,73.1,82.77,82.77,82.77,100,20,1.61
kidal,ml,18.44,1.41,81.29,81.29,81.29,23,88,6.98
lianzhou,cn,24.78,112.38,41.51,41.51,41.51,96,92,2.51
pisco,pe,-13.7,-76.22,69.8,69.8,69.8,73,20,11.41
sitka,us,57.05,-135.33,27.95,23,35.6,64,90,23.04
alta gracia,ar,-31.65,-64.43,87.8,87.8,87.8,25,20,11.41
san-pedro,ci,4.75,-6.64,81.28,80.6,82.4,83,40,6.93
altamira,br,-3.2,-52.21,93.2,93.2,93.2,49,75,6.93
kaka,tm,37.35,59.61,35.75,35.75,35.75,72,8,2.62
iqaluit,ca,63.75,-68.51,26.6,26.6,26.6,68,90,36.91
komsomolskiy,ru,43.98,46.7,50.46,50.46,50.46,95,92,3.06
grand gaube,mu,-20.01,57.66,77,77,77,78,40,8.05
kiruna,se,67.86,20.23,17.6,17.6,17.6,100,90,5.82
veraval,in,20.9,70.37,78.27,78.27,78.27,65,20,12.01
paramonga,pe,-10.67,-77.83,62.52,62.52,62.52,96,24,10
lovington,us,32.94,-103.35,55.4,55.4,55.4,30,5,8.05
vila velha,br,-20.33,-40.29,87.8,87.8,87.8,66,20,14.99
sarkand,kz,45.41,79.92,11.36,11.36,11.36,67,0,2.73
pitimbu,br,-7.47,-34.81,86,86,86,48,20,16.11
ust-ilimsk,ru,58,102.66,12.93,12.93,12.93,64,68,7.54
barstow,us,34.9,-117.02,46.04,42.8,51.8,19,40,3.96
chapais,ca,49.78,-74.85,10.4,10.4,10.4,72,90,11.41
dawei,mm,14.08,98.2,74.22,74.22,74.22,97,92,1.95
omsukchan,ru,62.53,155.8,2.76,2.76,2.76,76,12,6.31
bonga,et,7.28,36.23,67.16,67.16,67.16,51,88,0.72
lumeje,ao,-11.55,20.78,67.38,67.38,67.38,95,80,2.62
benguela,ao,-12.58,13.41,80.6,80.6,80.6,65,20,6.93
bequimao,br,-2.45,-44.78,86,86,86,66,40,11.41
davila,ph,18.47,120.58,77.82,77.82,77.82,100,24,24.2
zirandaro,mx,18.45,-100.98,85.7,85.7,85.7,41,0,1.95
lobva,ru,59.19,60.52,31.83,31.83,31.83,88,80,6.64
subang,id,-7.13,108.53,70.04,70.04,70.04,96,68,2.17
evensk,ru,61.95,159.23,28.1,28.1,28.1,100,0,19.17
pakokku,mm,21.33,95.1,75.44,75.44,75.44,89,0,6.42
mahebourg,mu,-20.41,57.7,77,77,77,78,40,8.05
dudinka,ru,69.41,86.18,-33.69,-33.69,-33.69,0,0,4.63
maniitsoq,gl,65.42,-52.9,8.39,8.39,8.39,100,12,10.33
waipawa,nz,-41.41,175.52,55.4,55.4,55.4,82,88,13.87
alamosa,us,37.47,-105.87,23,23,23,73,1,4.7
takoradi,gh,4.88,-1.76,80.88,80.88,80.88,100,36,6.53
presidencia roque saenz pena,ar,-26.79,-60.44,94.56,94.56,94.56,21,0,13.8
broken hill,au,-31.95,141.43,67.79,67.79,67.79,50,0,11.68
itamaraju,br,-17.04,-39.53,86.33,86.33,86.33,61,20,12.8
tezu,in,27.92,96.17,56.54,56.54,56.54,79,24,1.72
itabera,br,-23.86,-49.14,75.8,75.8,75.8,78,76,10.22
ostrovnoy,ru,68.05,39.51,20.76,20.76,20.76,84,56,7.43
tigzirt,dz,36.89,4.12,42.9,42.9,42.9,81,0,1.61
outjo,na,-20.12,16.15,91.4,91.4,91.4,16,92,3.36
vung tau,vn,10.35,107.08,78.8,78.8,78.8,94,20,8.05
kharan,pk,28.58,65.42,40.83,40.83,40.83,81,0,2.95
penzance,gb,50.12,-5.54,53.6,53.6,53.6,87,75,16.11
college,us,64.86,-147.8,-20.87,-23.81,-18.41,75,1,3.96
tahe,cn,52.33,124.73,2.09,2.09,2.09,64,0,5.41
hofn,is,64.25,-15.21,26.6,26.6,26.6,58,20,18.34
awbari,ly,26.59,12.78,61.08,61.08,61.08,26,12,7.43
ponta delgada,pt,37.73,-25.67,66.2,66.2,66.2,88,75,5.82
nelson bay,au,-32.72,152.15,59,59,59,93,90,2.24
touros,br,-5.2,-35.46,85.65,85.65,85.65,59,0,16.26
kabare,cd,-2.47,28.82,58.61,58.61,58.61,100,48,1.39
kiunga,pg,-6.12,141.29,73.77,73.77,73.77,99,24,2.17
viedma,ar,-40.81,-63,64.55,64.55,64.55,31,0,19.51
spas-demensk,ru,54.41,34.02,23.33,23.33,23.33,82,32,4.41
kinablangan,ph,7.69,126.55,75.53,75.53,75.53,100,92,7.09
dumas,us,35.87,-101.97,52.43,51.8,53.6,27,1,14.99
anadyr,ru,64.75,177.48,33.8,33.8,33.8,100,90,29.08
menongue,ao,-14.66,17.69,67.02,67.02,67.02,82,76,5.64
morehead,pg,-8.71,141.64,74.22,74.22,74.22,97,0,6.98
mokhsogollokh,ru,61.47,128.92,-22.17,-22.17,-22.17,31,44,6.31
palmer,us,42.16,-72.33,37.18,33.8,41,44,75,12.75
laguna,br,-28.48,-48.78,72.96,72.96,72.96,87,0,14.58
nantucket,us,41.28,-70.1,41,41,41,35,40,25.28
yulara,au,-25.24,130.99,73.4,73.4,73.4,46,0,9.17
aklavik,ca,68.22,-135.01,-11.6,-16.61,-4.01,76,40,5.82
sao jose da coroa grande,br,-8.9,-35.15,82.86,82.86,82.86,70,0,11.34
tigil,ru,57.8,158.67,18.83,18.83,18.83,78,0,11.45
bandarbeyla,so,9.49,50.81,80.88,80.88,80.88,100,56,15.82
annau,tm,37.89,58.52,51.8,51.8,51.8,50,75,3.36
lazaro cardenas,mx,17.96,-102.2,84.03,84.03,84.03,80,0,3.4
kamenka,ru,51.32,42.77,45.15,45.15,45.15,95,92,13.91
cascais,pt,38.7,-9.42,68,66.2,69.8,42,0,2.24
padang,id,-0.95,100.35,76.92,76.92,76.92,100,92,2.95
mount gambier,au,-37.83,140.77,69.9,69.9,69.9,44,0,5.97
giddarbaha,in,30.2,74.67,54.83,54.83,54.83,85,12,3.18
samarai,pg,-10.62,150.67,79.85,79.85,79.85,100,88,13.24
baghdad,iq,33.34,44.4,69.8,69.8,69.8,56,20,6.93
ndele,cf,8.41,20.65,80.25,80.25,80.25,56,24,7.09
mandali,iq,33.75,45.55,66.66,66.66,66.66,54,92,10
tahta,eg,26.77,31.5,71.6,71.6,71.6,43,0,17.22
bambous virieux,mu,-20.34,57.76,77,77,77,78,40,8.05
pio ix,br,-6.84,-40.58,94.38,94.38,94.38,30,0,9.22
fomboni,km,-12.28,43.74,81.33,81.33,81.33,100,24,9.78
porto novo,cv,17.02,-25.06,84.2,84.2,84.2,51,20,16.11
yumen,cn,40.28,97.2,21.44,21.44,21.44,73,0,13.02
kourou,gf,5.16,-52.65,89.6,89.6,89.6,62,20,11.41
derzhavinsk,kz,51.1,66.32,17.3,17.3,17.3,79,0,4.85
altay,cn,47.87,88.12,-6.02,-6.02,-6.02,58,20,2.39
prince rupert,ca,54.32,-130.32,35.6,35.6,35.6,80,1,6.93
jimenez,mx,28.33,-105.4,51.8,51.8,51.8,43,5,1.05
chistogorskiy,ru,53.98,87.38,25.53,25.53,25.53,89,80,6.53
ewa beach,us,21.32,-158.01,67.73,62.6,71.6,93,75,3.36
thinadhoo,mv,0.53,72.93,84.12,84.12,84.12,99,92,10.22
port blair,in,11.67,92.75,82.23,82.23,82.23,100,56,4.29
kloulklubed,pw,7.04,134.26,80.6,80.6,80.6,88,75,6.93
dunedin,nz,-45.87,170.5,51.18,51.18,51.18,100,68,4.97
fara in sabina,it,42.21,12.73,50.81,46.4,55.4,70,0,5.82
tucuma,br,-0.18,-50.05,88.17,88.17,88.17,66,0,13.13
miraflores,co,1.34,-71.95,80.66,80.66,80.66,83,56,2.95
marsa matruh,eg,31.35,27.25,68,68,68,56,40,14.99
celestun,mx,20.87,-90.4,77.91,77.91,77.91,100,0,2.28
mutare,zw,-18.97,32.67,62.97,62.97,62.97,73,0,3.62
pindiga,ng,9.98,10.93,86.01,86.01,86.01,22,0,8.21
magna,us,40.71,-112.1,40.68,39.2,42.8,94,90,3.36
nouadhibou,mr,20.93,-17.03,73.4,73.4,73.4,69,0,8.05
sorland,no,67.67,12.69,26.62,23,35.6,59,40,13.87
gohpur,in,26.88,93.63,62.93,62.93,62.93,88,20,2.62
toppenish,us,46.38,-120.31,42.8,42.8,42.8,87,90,4.7
hailar,cn,49.2,119.7,1.73,1.73,1.73,55,24,6.31
show low,us,34.25,-110.03,46.13,39.2,55.4,19,1,5.82
mahanoro,mg,-19.9,48.8,71.03,71.03,71.03,100,92,1.16
invermere,ca,50.52,-116.04,32.73,32.73,32.73,65,68,0.38
san rafael del sur,ni,11.85,-86.44,84.2,84.2,84.2,62,20,9.17
arlit,ne,18.74,7.39,82.05,82.05,82.05,30,68,4.18
lunel,fr,43.68,4.14,50.47,50,51.8,71,0,3.36
tefe,br,-3.35,-64.71,91.4,91.4,91.4,70,40,3.36
guatire,ve,10.48,-66.54,87.8,87.8,87.8,70,20,2.62
bar bigha,in,25.22,85.73,70.31,70.31,70.31,64,0,10.67
biscarrosse,fr,44.39,-1.17,48.2,48.2,48.2,87,0,5.82
cockburn town,tc,21.46,-71.14,80.66,80.66,80.66,99,32,17.27
recreio,br,-21.52,-42.47,74.67,74.67,74.67,96,92,4.63
bilokurakyne,ua,49.53,38.73,45.38,45.38,45.38,96,92,8.66
korla,cn,41.76,86.15,24.45,24.45,24.45,84,68,3.62
shaowu,cn,27.34,117.48,45.15,45.15,45.15,100,92,1.61
pavlohrad,ua,48.52,35.87,35.6,35.6,35.6,93,90,15.66
kulunda,ru,52.57,78.94,28.05,28.05,28.05,92,88,11.01
oranjestad,aw,12.52,-70.03,87.8,87.8,87.8,70,40,13.87
moosomin,ca,50.13,-101.67,36.15,36.15,36.15,94,88,16.26
kabwe,zm,-14.45,28.45,77.01,77.01,77.01,54,0,11.79
assiniboia,ca,49.63,-105.98,29.45,29.45,29.45,92,20,19.73
biaora,in,23.87,76.92,59.55,59.55,59.55,63,0,7.76
valparaiso,cl,-33.04,-71.63,59,59,59,77,0,13.87
brae,gb,60.4,-1.35,37.18,35.6,39.2,100,20,10.29
ajaccio,fr,41.92,8.73,56.25,53.6,59,72,75,3.36
quelimane,mz,-17.88,36.89,78.8,78.8,78.8,61,20,10.29
roald,no,62.58,6.13,32.67,32,33.8,100,20,4.7
eirunepe,br,-6.66,-69.87,86.28,86.28,86.28,80,32,2.28
northampton,us,42.33,-72.64,35.38,32,39.2,43,90,10.29
ouallam,ne,14.32,2.09,87.86,87.86,87.86,22,76,6.87
redmond,us,47.67,-122.12,47.8,46.4,50,93,90,4.29
isla vista,us,34.41,-119.86,52.63,50,53.6,62,1,3.36
jever,de,53.58,7.9,39.2,39.2,39.2,100,75,8.05
newcastle,au,-32.93,151.78,59,59,59,93,90,3.36
abnub,eg,27.27,31.15,71.6,71.6,71.6,43,0,17.22
zhanaozen,kz,43.3,52.8,49.79,49.79,49.79,53,0,16.15
flagstaff,us,35.2,-111.65,48.07,42.8,51.8,23,1,0.94
dapaong,tg,10.86,0.2,91.91,91.91,91.91,34,88,8.66
vanimo,pg,-2.67,141.3,79.17,79.17,79.17,100,44,4.52
atlantic city,us,39.36,-74.42,45.77,44.6,46.4,36,1,19.46
makakilo city,us,21.35,-158.09,67.77,62.6,71.6,93,75,3.36
mus,tr,38.75,41.51,37.41,37.41,37.41,98,92,2.17
oistins,bb,13.07,-59.53,86,86,86,70,40,20.8
kanniyakumari,in,8.08,77.57,79.94,79.94,79.94,100,92,9.1
saint-francois,gp,16.25,-61.27,86,86,86,51,0,11.41
hualmay,pe,-11.1,-77.61,73.28,73.28,73.28,51,0,6.2
haines junction,ca,60.75,-137.51,-9.3,-9.3,-9.3,89,68,2.73
bondowoso,id,-7.91,113.82,74.85,74.85,74.85,94,64,2.39
aktash,ru,50.3,87.73,-9.44,-9.44,-9.44,67,12,2.17
bodrum,tr,37.04,27.43,51.8,51.8,51.8,81,75,24.16
shemgang,bt,27.22,90.66,56.63,56.63,56.63,92,64,1.16
gisborne,nz,-38.65,178,55.32,55.32,55.32,95,92,14.47
tutoia,br,-2.76,-42.27,95,95,95,53,20,20.8
elverum,no,60.88,11.56,16.31,16.31,16.31,90,80,2.95
dicabisagan,ph,17.08,122.42,72.6,72.6,72.6,100,92,3.18
espanola,ca,46.26,-81.77,31.2,31.2,31.2,72,20,3.06
atar,mr,20.52,-13.05,78.59,78.59,78.59,11,0,6.31
kalemie,cd,-5.95,29.19,75.98,75.98,75.98,100,44,3.74
galveston,us,29.3,-94.8,63.18,60.8,66.2,45,1,9.17
saint-augustin,ca,51.23,-58.65,38.63,38.63,38.63,100,44,15.14
sambava,mg,-14.27,50.17,78.9,78.9,78.9,100,88,12.46
youkounkoun,gn,12.53,-13.13,89.93,89.93,89.93,47,24,3.62
gawler,au,-34.6,138.73,78.8,78.8,78.8,31,0,14.99
starobaltachevo,ru,56,55.92,33.86,33.86,33.86,94,88,13.47
hobyo,so,5.35,48.53,78.5,78.5,78.5,80,0,13.13
terney,ru,45.05,136.61,14.55,14.55,14.55,100,0,17.27
gravdal,no,68.12,13.5,24.55,23,26.6,58,20,8.05
santa rosalia,mx,27.32,-112.28,74.9,74.9,74.9,100,0,11.23
fortuna,us,40.6,-124.16,60.15,59,60.8,87,90,18.34
bubaque,gw,11.28,-15.83,89.6,89.6,89.6,38,0,8.05
guerrero negro,mx,27.98,-114.06,74,74,74,43,0,3.18
poya,nc,-21.35,165.15,71.97,71.97,71.97,100,88,9.66
redlands,us,34.06,-117.18,55.36,50,60.8,22,1,11.41
talaya,ru,61.38,152.75,4.88,4.88,4.88,76,0,7.87
klaksvik,fo,62.23,-6.59,35.6,35.6,35.6,74,80,9.17
mazyr,by,52.05,29.25,35.07,35.07,35.07,98,64,9.22
byron bay,au,-28.65,153.62,64.4,64.4,64.4,82,75,9.17
tevaitoa,pf,-16.78,-151.5,79.71,79.71,79.71,100,80,18.84
nexo,dk,55.06,15.13,28.4,28.4,28.4,86,12,3.36
coihaique,cl,-45.58,-72.07,55.69,53.6,57.2,50,75,9.17
nabire,id,-3.37,135.48,68.37,68.37,68.37,94,44,1.83
jaisalmer,in,26.91,70.92,54.06,54.06,54.06,85,0,2.95
cumpas,mx,29.98,-109.78,68.24,68.24,68.24,25,0,2.84
whitehorse,ca,60.72,-135.05,-5.81,-5.81,-5.81,76,90,5.82
cayenne,gf,4.93,-52.33,89.6,89.6,89.6,62,20,11.41
beirut,lb,33.89,35.49,68,68,68,68,75,6.93
kandrian,pg,-6.22,149.55,73.95,73.95,73.95,100,68,3.18
marystown,ca,47.17,-55.15,47.13,47.13,47.13,94,76,14.92
moscow,us,46.73,-117,42.8,42.8,42.8,81,90,14.99
alice springs,au,-23.7,133.88,73.4,73.4,73.4,64,0,6.93
rocha,uy,-34.48,-54.33,67.92,67.92,67.92,46,88,13.69
libertador general san martin,ar,-23.81,-64.79,87.8,87.8,87.8,27,0,11.41
bodaybo,ru,57.85,114.19,9.2,9.2,9.2,58,64,7.54
businga,cd,3.33,20.88,78.5,78.5,78.5,75,12,3.4
kristinehamn,se,59.31,14.11,19.47,17.6,21.2,92,20,5.82
pravda,ru,46.94,142.01,5,5,5,92,40,4.47
tailai,cn,46.38,123.4,13.34,13.34,13.34,64,0,14.47
pag,hr,44.45,15.06,41,41,41,75,0,3.06
poum,nc,-20.23,164.02,74.67,74.67,74.67,100,88,14.47
nchelenge,zm,-9.35,28.73,71.93,71.93,71.93,80,24,1.61
salinas,ec,-2.22,-80.97,75.2,75.2,75.2,78,75,8.05
tanggu,cn,39.02,117.65,39.2,39.2,39.2,41,0,6.71
praia,cv,14.92,-23.51,82.4,82.4,82.4,58,20,17.22
taoudenni,ml,22.68,-3.98,68.55,68.55,68.55,19,88,5.64
margate,za,-30.86,30.37,78.5,78.5,78.5,68,8,15.59
grindavik,is,63.84,-22.43,27.68,26.6,28.4,79,40,19.46
point pedro,lk,9.82,80.23,83,83,83,94,56,11.12
wawa,ca,47.98,-84.78,17.6,17.6,17.6,72,75,2.24
baneh,ir,36,45.89,44.52,44.52,44.52,99,100,1.83
yar-sale,ru,66.83,70.83,12.44,12.44,12.44,99,80,9.66
terme,tr,41.21,36.97,57.2,57.2,57.2,87,75,4.7
nenagh,ie,52.86,-8.2,57.2,57.2,57.2,93,90,16.11
moss vale,au,-34.55,150.38,59,59,59,93,90,4.7
kutum,sd,14.2,24.67,68.91,68.91,68.91,32,12,5.19
salalah,om,17.02,54.09,78.8,78.8,78.8,61,20,5.82
buncrana,ie,55.13,-7.45,53.6,53.6,53.6,93,75,11.41
plettenberg bay,za,-34.05,23.37,63.15,63.15,63.15,99,32,6.08
barcelos,br,-0.97,-62.92,101.18,101.18,101.18,34,0,4.85
saint cloud,us,45.56,-94.16,34.7,32,39.2,86,1,8.05
vladivostok,ru,43.11,131.87,-0.41,-0.41,-0.41,84,0,7.87
ola,ru,59.58,151.28,14,14,14,100,90,4.47
shache,cn,38.42,77.24,21.26,21.26,21.26,66,0,2.62
beloha,mg,-25.17,45.05,74.67,74.67,74.67,71,0,16.82
